location,Sun 21 May,Mon 22 May,Tue 23 May,Wed 24 May,Thu 25 May,Fri 26 May,Sat 27 May,Sun 28 May,Mon 29 May,Tue 30 May,Wed 31 May,Thu 01 Jun,Fri 02 Jun,Sat 03 Jun,Sun 04 Jun,Mon 05 Jun,Tue 06 Jun,Wed 07 Jun,Thu 08 Jun,Fri 09 Jun,Sat 10 Jun,Sun 11 Jun,Mon 12 Jun,Tue 13 Jun,Wed 14 Jun,Thu 15 Jun,Fri 16 Jun,Sat 17 Jun
London,0.0,0.0,0.0,0.0,0.0,0.0,0.0,0.0,0.0,0.0,0.0,0.0,0.0,0.0,0.0,0.0,0.0,0.0,0.0,2.0,5.0,0.0,0.0,0.0,0.0,0.0,0.0,0.0
Peterborough,0.0,0.0,0.0,0.0,0.0,0.0,0.0,0.0,0.0,0.0,0.0,0.0,0.0,0.0,0.0,0.0,0.0,0.0,4.0,15.0,0.0,0.0,0.0,0.0,0.0,0.0,0.0,0.0
Newport,0.0,0.0,0.0,0.0,0.0,0.0,0.0,0.0,0.0,0.0,0.0,0.0,9.0,0.0,0.0,0.0,0.0,0.0,0.0,0.0,0.0,0.0,0.0,0.0,0.0,0.0,0.0,0.0
Liverpool,0.0,0.0,0.0,0.0,0.0,0.0,0.0,0.0,0.0,0.0,0.0,0.0,0.0,0.0,0.0,0.0,0.0,6.0,18.0,19.0,11.0,0.0,0.0,0.0,0.0,0.0,0.0,0.0
Durham,0.0,0.0,0.0,0.0,0.0,0.0,0.0,0.0,0.0,0.0,0.0,0.0,8.0,0.0,0.0,8.0,14.0,14.0,12.0,13.0,10.0,0.0,0.0,0.0,0.0,0.0,0.0,0.0
Glasgow,0.0,0.0,0.0,0.0,0.0,0.0,0.0,0.0,0.0,0.0,0.0,15.0,16.0,0.0,0.0,17.0,17.0,17.0,17.0,17.0,12.0,0.0,0.0,0.0,0.0,0.0,0.0,0.0
Belfast,0.0,0.0,0.0,4.0,14.0,15.0,4.0,0.0,0.0,15.0,15.0,15.0,15.0,11.0,0.0,15.0,15.0,15.0,15.0,15.0,11.0,0.0,0.0,0.0,0.0,0.0,0.0,0.0
Birmingham,0.0,0.0,0.0,0.0,0.0,0.0,0.0,0.0,0.0,0.0,0.0,0.0,0.0,0.0,0.0,0.0,0.0,0.0,0.0,0.0,0.0,0.0,0.0,0.0,0.0,0.0,0.0,0.0
